{"cameraMode":{"drawMode":0,"name":"Shaded","section":"Shading Mode"},"sceneLighting":true,"audioPlay":false,"sceneViewState":{"showFog":true,"showMaterialUpdate":false,"showSkybox":false,"showFlares":true,"showImageEffects":true,"showParticleSystems":true},"in2DMode":false,"pivot":{"x":-5.565532684326172,"y":5.130000114440918,"z":9.291650772094727},"rotation":{"x":-0.2991015613079071,"y":-0.6778007745742798,"z":0.3949096202850342,"w":-0.5445338487625122},"size":29.488807678222658,"orthographic":false}