{"cameraMode":{"drawMode":0,"name":"Shaded","section":"Shading Mode"},"sceneLighting":true,"audioPlay":false,"sceneViewState":{"showFog":true,"showMaterialUpdate":false,"showSkybox":false,"showFlares":true,"showImageEffects":true,"showParticleSystems":true},"in2DMode":false,"pivot":{"x":0.0,"y":7.309999465942383,"z":3.6599998474121095},"rotation":{"x":0.041013896465301517,"y":0.7574360370635986,"z":-0.05017651244997978,"w":0.6501515507698059},"size":45.86453628540039,"orthographic":false}