{"cameraMode":{"drawMode":0,"name":"Shaded","section":"Shading Mode"},"sceneLighting":true,"audioPlay":false,"sceneViewState":{"showFog":true,"showMaterialUpdate":false,"showSkybox":false,"showFlares":true,"showImageEffects":true,"showParticleSystems":true},"in2DMode":false,"pivot":{"x":-6.865320682525635,"y":10.060152053833008,"z":-0.5122976303100586},"rotation":{"x":-0.0022397618740797045,"y":0.9986559152603149,"z":-0.028738921508193017,"w":-0.046126995235681537},"size":3.363499879837036,"orthographic":false}